Load,image_1000_0_0.png,1971
grayscale,image_1000_0_0.png,1435
keypoints,image_1000_0_0.png,19984
descriptors,image_1000_0_0.png,1
Load,image_1000_0_1.png,1441
grayscale,image_1000_0_1.png,1240
keypoints,image_1000_0_1.png,16579
descriptors,image_1000_0_1.png,0
Load,image_1000_0_2.png,1316
grayscale,image_1000_0_2.png,1228
keypoints,image_1000_0_2.png,16264
descriptors,image_1000_0_2.png,0
Load,image_1000_0_3.png,1304
grayscale,image_1000_0_3.png,1213
keypoints,image_1000_0_3.png,16049
descriptors,image_1000_0_3.png,0
Load,image_1000_0_4.png,1368
grayscale,image_1000_0_4.png,1212
keypoints,image_1000_0_4.png,16055
descriptors,image_1000_0_4.png,0
Load,image_1000_0_5.png,1323
grayscale,image_1000_0_5.png,1222
keypoints,image_1000_0_5.png,16063
descriptors,image_1000_0_5.png,0
Load,image_1000_0_6.png,1329
grayscale,image_1000_0_6.png,1234
keypoints,image_1000_0_6.png,16010
descriptors,image_1000_0_6.png,0
Load,image_1000_0_7.png,1319
grayscale,image_1000_0_7.png,1252
keypoints,image_1000_0_7.png,15972
descriptors,image_1000_0_7.png,0
Load,image_1000_0_8.png,1308
grayscale,image_1000_0_8.png,1219
keypoints,image_1000_0_8.png,16307
descriptors,image_1000_0_8.png,0
Load,image_1000_0_9.png,1391
grayscale,image_1000_0_9.png,1258
keypoints,image_1000_0_9.png,16007
descriptors,image_1000_0_9.png,0
Load,image_1000_12_0.png,5477
grayscale,image_1000_12_0.png,1244
keypoints,image_1000_12_0.png,33238
descriptors,image_1000_12_0.png,2771
Load,image_1000_12_1.png,5550
grayscale,image_1000_12_1.png,1276
keypoints,image_1000_12_1.png,33182
descriptors,image_1000_12_1.png,2784
Load,image_1000_12_2.png,5495
grayscale,image_1000_12_2.png,1229
keypoints,image_1000_12_2.png,33294
descriptors,image_1000_12_2.png,2761
Load,image_1000_12_3.png,5544
grayscale,image_1000_12_3.png,1304
keypoints,image_1000_12_3.png,33051
descriptors,image_1000_12_3.png,2768
Load,image_1000_12_4.png,5636
grayscale,image_1000_12_4.png,1292
keypoints,image_1000_12_4.png,33126
descriptors,image_1000_12_4.png,2953
Load,image_1000_12_5.png,5662
grayscale,image_1000_12_5.png,1261
keypoints,image_1000_12_5.png,33634
descriptors,image_1000_12_5.png,2814
Load,image_1000_12_6.png,5522
grayscale,image_1000_12_6.png,1222
keypoints,image_1000_12_6.png,33090
descriptors,image_1000_12_6.png,2773
Load,image_1000_12_7.png,5614
grayscale,image_1000_12_7.png,1221
keypoints,image_1000_12_7.png,33206
descriptors,image_1000_12_7.png,2768
Load,image_1000_12_8.png,5556
grayscale,image_1000_12_8.png,1275
keypoints,image_1000_12_8.png,33409
descriptors,image_1000_12_8.png,2795
Load,image_1000_12_9.png,5673
grayscale,image_1000_12_9.png,1349
keypoints,image_1000_12_9.png,33840
descriptors,image_1000_12_9.png,2866
Load,image_1000_15_0.png,6030
grayscale,image_1000_15_0.png,1323
keypoints,image_1000_15_0.png,37674
descriptors,image_1000_15_0.png,3482
Load,image_1000_15_1.png,6066
grayscale,image_1000_15_1.png,1274
keypoints,image_1000_15_1.png,37685
descriptors,image_1000_15_1.png,3426
Load,image_1000_15_2.png,5994
grayscale,image_1000_15_2.png,1246
keypoints,image_1000_15_2.png,37655
descriptors,image_1000_15_2.png,3428
Load,image_1000_15_3.png,6009
grayscale,image_1000_15_3.png,1262
keypoints,image_1000_15_3.png,37731
descriptors,image_1000_15_3.png,3425
Load,image_1000_15_4.png,6008
grayscale,image_1000_15_4.png,1242
keypoints,image_1000_15_4.png,37624
descriptors,image_1000_15_4.png,3431
Load,image_1000_15_5.png,6042
grayscale,image_1000_15_5.png,1238
keypoints,image_1000_15_5.png,37619
descriptors,image_1000_15_5.png,3460
Load,image_1000_15_6.png,5945
grayscale,image_1000_15_6.png,1243
keypoints,image_1000_15_6.png,37753
descriptors,image_1000_15_6.png,3432
Load,image_1000_15_7.png,5970
grayscale,image_1000_15_7.png,1244
keypoints,image_1000_15_7.png,37809
descriptors,image_1000_15_7.png,3427
Load,image_1000_15_8.png,5984
grayscale,image_1000_15_8.png,1286
keypoints,image_1000_15_8.png,37742
descriptors,image_1000_15_8.png,3422
Load,image_1000_15_9.png,6052
grayscale,image_1000_15_9.png,1237
keypoints,image_1000_15_9.png,37765
descriptors,image_1000_15_9.png,3441
Load,image_1000_18_0.png,6364
grayscale,image_1000_18_0.png,1241
keypoints,image_1000_18_0.png,42393
descriptors,image_1000_18_0.png,4062
Load,image_1000_18_1.png,6385
grayscale,image_1000_18_1.png,1258
keypoints,image_1000_18_1.png,42290
descriptors,image_1000_18_1.png,4137
Load,image_1000_18_2.png,6399
grayscale,image_1000_18_2.png,1273
keypoints,image_1000_18_2.png,42177
descriptors,image_1000_18_2.png,4100
Load,image_1000_18_3.png,6432
grayscale,image_1000_18_3.png,1236
keypoints,image_1000_18_3.png,42512
descriptors,image_1000_18_3.png,4062
Load,image_1000_18_4.png,6383
grayscale,image_1000_18_4.png,1268
keypoints,image_1000_18_4.png,42467
descriptors,image_1000_18_4.png,4059
Load,image_1000_18_5.png,6391
grayscale,image_1000_18_5.png,1270
keypoints,image_1000_18_5.png,42606
descriptors,image_1000_18_5.png,4084
Load,image_1000_18_6.png,6510
grayscale,image_1000_18_6.png,1309
keypoints,image_1000_18_6.png,42402
descriptors,image_1000_18_6.png,4062
Load,image_1000_18_7.png,6413
grayscale,image_1000_18_7.png,1240
keypoints,image_1000_18_7.png,42395
descriptors,image_1000_18_7.png,4065
Load,image_1000_18_8.png,6471
grayscale,image_1000_18_8.png,1245
keypoints,image_1000_18_8.png,42392
descriptors,image_1000_18_8.png,4159
Load,image_1000_18_9.png,6459
grayscale,image_1000_18_9.png,1271
keypoints,image_1000_18_9.png,42530
descriptors,image_1000_18_9.png,4120
Load,image_1000_3_0.png,3735
grayscale,image_1000_3_0.png,1281
keypoints,image_1000_3_0.png,19673
descriptors,image_1000_3_0.png,715
Load,image_1000_3_1.png,3723
grayscale,image_1000_3_1.png,1275
keypoints,image_1000_3_1.png,19644
descriptors,image_1000_3_1.png,721
Load,image_1000_3_2.png,3788
grayscale,image_1000_3_2.png,1261
keypoints,image_1000_3_2.png,19609
descriptors,image_1000_3_2.png,722
Load,image_1000_3_3.png,3690
grayscale,image_1000_3_3.png,1243
keypoints,image_1000_3_3.png,19514
descriptors,image_1000_3_3.png,734
Load,image_1000_3_4.png,3768
grayscale,image_1000_3_4.png,1237
keypoints,image_1000_3_4.png,19630
descriptors,image_1000_3_4.png,725
Load,image_1000_3_5.png,3862
grayscale,image_1000_3_5.png,1243
keypoints,image_1000_3_5.png,19618
descriptors,image_1000_3_5.png,718
Load,image_1000_3_6.png,3736
grayscale,image_1000_3_6.png,1239
keypoints,image_1000_3_6.png,19621
descriptors,image_1000_3_6.png,725
Load,image_1000_3_7.png,3799
grayscale,image_1000_3_7.png,1247
keypoints,image_1000_3_7.png,19727
descriptors,image_1000_3_7.png,715
Load,image_1000_3_8.png,3764
grayscale,image_1000_3_8.png,1241
keypoints,image_1000_3_8.png,19639
descriptors,image_1000_3_8.png,719
Load,image_1000_3_9.png,3824
grayscale,image_1000_3_9.png,1299
keypoints,image_1000_3_9.png,19677
descriptors,image_1000_3_9.png,723
Load,image_1000_6_0.png,4417
grayscale,image_1000_6_0.png,1231
keypoints,image_1000_6_0.png,24009
descriptors,image_1000_6_0.png,1448
Load,image_1000_6_1.png,4453
grayscale,image_1000_6_1.png,1234
keypoints,image_1000_6_1.png,24130
descriptors,image_1000_6_1.png,1414
Load,image_1000_6_2.png,4443
grayscale,image_1000_6_2.png,1255
keypoints,image_1000_6_2.png,24147
descriptors,image_1000_6_2.png,1411
Load,image_1000_6_3.png,4518
grayscale,image_1000_6_3.png,1237
keypoints,image_1000_6_3.png,24081
descriptors,image_1000_6_3.png,1435
Load,image_1000_6_4.png,4419
grayscale,image_1000_6_4.png,1231
keypoints,image_1000_6_4.png,24112
descriptors,image_1000_6_4.png,1412
Load,image_1000_6_5.png,4435
grayscale,image_1000_6_5.png,1272
keypoints,image_1000_6_5.png,24060
descriptors,image_1000_6_5.png,1411
Load,image_1000_6_6.png,4441
grayscale,image_1000_6_6.png,1236
keypoints,image_1000_6_6.png,24072
descriptors,image_1000_6_6.png,1419
Load,image_1000_6_7.png,4379
grayscale,image_1000_6_7.png,1226
keypoints,image_1000_6_7.png,24002
descriptors,image_1000_6_7.png,1482
Load,image_1000_6_8.png,4389
grayscale,image_1000_6_8.png,1229
keypoints,image_1000_6_8.png,24114
descriptors,image_1000_6_8.png,1411
Load,image_1000_6_9.png,4457
grayscale,image_1000_6_9.png,1267
keypoints,image_1000_6_9.png,24173
descriptors,image_1000_6_9.png,1420
Load,image_1000_9_0.png,4997
grayscale,image_1000_9_0.png,1237
keypoints,image_1000_9_0.png,28557
descriptors,image_1000_9_0.png,2097
Load,image_1000_9_1.png,4989
grayscale,image_1000_9_1.png,1239
keypoints,image_1000_9_1.png,28600
descriptors,image_1000_9_1.png,2126
Load,image_1000_9_2.png,5030
grayscale,image_1000_9_2.png,1248
keypoints,image_1000_9_2.png,28531
descriptors,image_1000_9_2.png,2109
Load,image_1000_9_3.png,4974
grayscale,image_1000_9_3.png,1259
keypoints,image_1000_9_3.png,28545
descriptors,image_1000_9_3.png,2098
Load,image_1000_9_4.png,5027
grayscale,image_1000_9_4.png,1280
keypoints,image_1000_9_4.png,28673
descriptors,image_1000_9_4.png,2107
Load,image_1000_9_5.png,4995
grayscale,image_1000_9_5.png,1245
keypoints,image_1000_9_5.png,28467
descriptors,image_1000_9_5.png,2095
Load,image_1000_9_6.png,4999
grayscale,image_1000_9_6.png,1230
keypoints,image_1000_9_6.png,28637
descriptors,image_1000_9_6.png,2102
Load,image_1000_9_7.png,5112
grayscale,image_1000_9_7.png,1233
keypoints,image_1000_9_7.png,28572
descriptors,image_1000_9_7.png,2096
Load,image_1000_9_8.png,5051
grayscale,image_1000_9_8.png,1241
keypoints,image_1000_9_8.png,28478
descriptors,image_1000_9_8.png,2143
Load,image_1000_9_9.png,5044
grayscale,image_1000_9_9.png,1248
keypoints,image_1000_9_9.png,28500
descriptors,image_1000_9_9.png,2103
Load,image_100_0_0.png,499
grayscale,image_100_0_0.png,14
keypoints,image_100_0_0.png,148
descriptors,image_100_0_0.png,0
Load,image_100_0_1.png,145
grayscale,image_100_0_1.png,14
keypoints,image_100_0_1.png,151
descriptors,image_100_0_1.png,0
Load,image_100_0_2.png,183
grayscale,image_100_0_2.png,16
keypoints,image_100_0_2.png,155
descriptors,image_100_0_2.png,0
Load,image_100_0_3.png,146
grayscale,image_100_0_3.png,14
keypoints,image_100_0_3.png,156
descriptors,image_100_0_3.png,0
Load,image_100_0_4.png,146
grayscale,image_100_0_4.png,24
keypoints,image_100_0_4.png,264
descriptors,image_100_0_4.png,0
Load,image_100_0_5.png,118
grayscale,image_100_0_5.png,14
keypoints,image_100_0_5.png,148
descriptors,image_100_0_5.png,0
Load,image_100_0_6.png,133
grayscale,image_100_0_6.png,19
keypoints,image_100_0_6.png,159
descriptors,image_100_0_6.png,0
Load,image_100_0_7.png,132
grayscale,image_100_0_7.png,21
keypoints,image_100_0_7.png,150
descriptors,image_100_0_7.png,0
Load,image_100_0_8.png,145
grayscale,image_100_0_8.png,15
keypoints,image_100_0_8.png,154
descriptors,image_100_0_8.png,1
Load,image_100_0_9.png,122
grayscale,image_100_0_9.png,14
keypoints,image_100_0_9.png,149
descriptors,image_100_0_9.png,0
Load,image_100_12_0.png,429
grayscale,image_100_12_0.png,16
keypoints,image_100_12_0.png,329
descriptors,image_100_12_0.png,26
Load,image_100_12_1.png,464
grayscale,image_100_12_1.png,15
keypoints,image_100_12_1.png,308
descriptors,image_100_12_1.png,25
Load,image_100_12_2.png,447
grayscale,image_100_12_2.png,14
keypoints,image_100_12_2.png,301
descriptors,image_100_12_2.png,24
Load,image_100_12_3.png,423
grayscale,image_100_12_3.png,15
keypoints,image_100_12_3.png,302
descriptors,image_100_12_3.png,24
Load,image_100_12_4.png,426
grayscale,image_100_12_4.png,14
keypoints,image_100_12_4.png,301
descriptors,image_100_12_4.png,25
Load,image_100_12_5.png,423
grayscale,image_100_12_5.png,15
keypoints,image_100_12_5.png,314
descriptors,image_100_12_5.png,25
Load,image_100_12_6.png,420
grayscale,image_100_12_6.png,14
keypoints,image_100_12_6.png,298
descriptors,image_100_12_6.png,24
Load,image_100_12_7.png,450
grayscale,image_100_12_7.png,14
keypoints,image_100_12_7.png,302
descriptors,image_100_12_7.png,25
Load,image_100_12_8.png,455
grayscale,image_100_12_8.png,14
keypoints,image_100_12_8.png,305
descriptors,image_100_12_8.png,25
Load,image_100_12_9.png,507
grayscale,image_100_12_9.png,14
keypoints,image_100_12_9.png,305
descriptors,image_100_12_9.png,26
Load,image_100_15_0.png,465
grayscale,image_100_15_0.png,14
keypoints,image_100_15_0.png,351
descriptors,image_100_15_0.png,31
Load,image_100_15_1.png,495
grayscale,image_100_15_1.png,14
keypoints,image_100_15_1.png,341
descriptors,image_100_15_1.png,30
Load,image_100_15_2.png,458
grayscale,image_100_15_2.png,14
keypoints,image_100_15_2.png,346
descriptors,image_100_15_2.png,30
Load,image_100_15_3.png,443
grayscale,image_100_15_3.png,14
keypoints,image_100_15_3.png,340
descriptors,image_100_15_3.png,30
Load,image_100_15_4.png,472
grayscale,image_100_15_4.png,14
keypoints,image_100_15_4.png,351
descriptors,image_100_15_4.png,32
Load,image_100_15_5.png,437
grayscale,image_100_15_5.png,15
keypoints,image_100_15_5.png,378
descriptors,image_100_15_5.png,32
Load,image_100_15_6.png,422
grayscale,image_100_15_6.png,14
keypoints,image_100_15_6.png,347
descriptors,image_100_15_6.png,31
Load,image_100_15_7.png,438
grayscale,image_100_15_7.png,14
keypoints,image_100_15_7.png,344
descriptors,image_100_15_7.png,31
Load,image_100_15_8.png,426
grayscale,image_100_15_8.png,14
keypoints,image_100_15_8.png,339
descriptors,image_100_15_8.png,30
Load,image_100_15_9.png,475
grayscale,image_100_15_9.png,14
keypoints,image_100_15_9.png,348
descriptors,image_100_15_9.png,31
Load,image_100_18_0.png,470
grayscale,image_100_18_0.png,20
keypoints,image_100_18_0.png,390
descriptors,image_100_18_0.png,36
Load,image_100_18_1.png,422
grayscale,image_100_18_1.png,13
keypoints,image_100_18_1.png,383
descriptors,image_100_18_1.png,37
Load,image_100_18_2.png,436
grayscale,image_100_18_2.png,14
keypoints,image_100_18_2.png,403
descriptors,image_100_18_2.png,38
Load,image_100_18_3.png,417
grayscale,image_100_18_3.png,13
keypoints,image_100_18_3.png,389
descriptors,image_100_18_3.png,36
Load,image_100_18_4.png,469
grayscale,image_100_18_4.png,15
keypoints,image_100_18_4.png,385
descriptors,image_100_18_4.png,36
Load,image_100_18_5.png,425
grayscale,image_100_18_5.png,14
keypoints,image_100_18_5.png,388
descriptors,image_100_18_5.png,36
Load,image_100_18_6.png,411
grayscale,image_100_18_6.png,13
keypoints,image_100_18_6.png,382
descriptors,image_100_18_6.png,37
Load,image_100_18_7.png,416
grayscale,image_100_18_7.png,13
keypoints,image_100_18_7.png,381
descriptors,image_100_18_7.png,35
Load,image_100_18_8.png,572
grayscale,image_100_18_8.png,15
keypoints,image_100_18_8.png,417
descriptors,image_100_18_8.png,36
Load,image_100_18_9.png,429
grayscale,image_100_18_9.png,13
keypoints,image_100_18_9.png,385
descriptors,image_100_18_9.png,36
Load,image_100_3_0.png,407
grayscale,image_100_3_0.png,13
keypoints,image_100_3_0.png,177
descriptors,image_100_3_0.png,6
Load,image_100_3_1.png,393
grayscale,image_100_3_1.png,14
keypoints,image_100_3_1.png,179
descriptors,image_100_3_1.png,6
Load,image_100_3_2.png,385
grayscale,image_100_3_2.png,13
keypoints,image_100_3_2.png,176
descriptors,image_100_3_2.png,6
Load,image_100_3_3.png,392
grayscale,image_100_3_3.png,13
keypoints,image_100_3_3.png,172
descriptors,image_100_3_3.png,6
Load,image_100_3_4.png,379
grayscale,image_100_3_4.png,13
keypoints,image_100_3_4.png,171
descriptors,image_100_3_4.png,6
Load,image_100_3_5.png,388
grayscale,image_100_3_5.png,13
keypoints,image_100_3_5.png,177
descriptors,image_100_3_5.png,6
Load,image_100_3_6.png,410
grayscale,image_100_3_6.png,14
keypoints,image_100_3_6.png,180
descriptors,image_100_3_6.png,6
Load,image_100_3_7.png,408
grayscale,image_100_3_7.png,13
keypoints,image_100_3_7.png,176
descriptors,image_100_3_7.png,6
Load,image_100_3_8.png,386
grayscale,image_100_3_8.png,13
keypoints,image_100_3_8.png,176
descriptors,image_100_3_8.png,6
Load,image_100_3_9.png,400
grayscale,image_100_3_9.png,13
keypoints,image_100_3_9.png,174
descriptors,image_100_3_9.png,6
Load,image_100_6_0.png,419
grayscale,image_100_6_0.png,14
keypoints,image_100_6_0.png,219
descriptors,image_100_6_0.png,12
Load,image_100_6_1.png,425
grayscale,image_100_6_1.png,13
keypoints,image_100_6_1.png,216
descriptors,image_100_6_1.png,13
Load,image_100_6_2.png,436
grayscale,image_100_6_2.png,13
keypoints,image_100_6_2.png,214
descriptors,image_100_6_2.png,12
Load,image_100_6_3.png,406
grayscale,image_100_6_3.png,14
keypoints,image_100_6_3.png,215
descriptors,image_100_6_3.png,12
Load,image_100_6_4.png,398
grayscale,image_100_6_4.png,14
keypoints,image_100_6_4.png,219
descriptors,image_100_6_4.png,13
Load,image_100_6_5.png,450
grayscale,image_100_6_5.png,13
keypoints,image_100_6_5.png,209
descriptors,image_100_6_5.png,12
Load,image_100_6_6.png,378
grayscale,image_100_6_6.png,11
keypoints,image_100_6_6.png,213
descriptors,image_100_6_6.png,12
Load,image_100_6_7.png,416
grayscale,image_100_6_7.png,14
keypoints,image_100_6_7.png,230
descriptors,image_100_6_7.png,13
Load,image_100_6_8.png,382
grayscale,image_100_6_8.png,11
keypoints,image_100_6_8.png,211
descriptors,image_100_6_8.png,12
Load,image_100_6_9.png,389
grayscale,image_100_6_9.png,13
keypoints,image_100_6_9.png,218
descriptors,image_100_6_9.png,14
Load,image_100_9_0.png,391
grayscale,image_100_9_0.png,11
keypoints,image_100_9_0.png,256
descriptors,image_100_9_0.png,18
Load,image_100_9_1.png,387
grayscale,image_100_9_1.png,13
keypoints,image_100_9_1.png,263
descriptors,image_100_9_1.png,18
Load,image_100_9_2.png,387
grayscale,image_100_9_2.png,12
keypoints,image_100_9_2.png,257
descriptors,image_100_9_2.png,18
Load,image_100_9_3.png,384
grayscale,image_100_9_3.png,11
keypoints,image_100_9_3.png,250
descriptors,image_100_9_3.png,18
Load,image_100_9_4.png,452
grayscale,image_100_9_4.png,12
keypoints,image_100_9_4.png,257
descriptors,image_100_9_4.png,18
Load,image_100_9_5.png,410
grayscale,image_100_9_5.png,11
keypoints,image_100_9_5.png,262
descriptors,image_100_9_5.png,18
Load,image_100_9_6.png,394
grayscale,image_100_9_6.png,16
keypoints,image_100_9_6.png,291
descriptors,image_100_9_6.png,18
Load,image_100_9_7.png,394
grayscale,image_100_9_7.png,12
keypoints,image_100_9_7.png,257
descriptors,image_100_9_7.png,19
Load,image_100_9_8.png,401
grayscale,image_100_9_8.png,12
keypoints,image_100_9_8.png,262
descriptors,image_100_9_8.png,18
Load,image_100_9_9.png,388
grayscale,image_100_9_9.png,12
keypoints,image_100_9_9.png,264
descriptors,image_100_9_9.png,18
Load,image_1500_0_0.png,2968
grayscale,image_1500_0_0.png,2632
keypoints,image_1500_0_0.png,36580
descriptors,image_1500_0_0.png,0
Load,image_1500_0_1.png,2963
grayscale,image_1500_0_1.png,2654
keypoints,image_1500_0_1.png,36511
descriptors,image_1500_0_1.png,0
Load,image_1500_0_2.png,3092
grayscale,image_1500_0_2.png,2655
keypoints,image_1500_0_2.png,36479
descriptors,image_1500_0_2.png,0
Load,image_1500_0_3.png,2984
grayscale,image_1500_0_3.png,2693
keypoints,image_1500_0_3.png,36091
descriptors,image_1500_0_3.png,0
Load,image_1500_0_4.png,3016
grayscale,image_1500_0_4.png,2649
keypoints,image_1500_0_4.png,36312
descriptors,image_1500_0_4.png,0
Load,image_1500_0_5.png,2992
grayscale,image_1500_0_5.png,2752
keypoints,image_1500_0_5.png,36382
descriptors,image_1500_0_5.png,0
Load,image_1500_0_6.png,2974
grayscale,image_1500_0_6.png,2640
keypoints,image_1500_0_6.png,36235
descriptors,image_1500_0_6.png,0
Load,image_1500_0_7.png,3125
grayscale,image_1500_0_7.png,2691
keypoints,image_1500_0_7.png,36152
descriptors,image_1500_0_7.png,0
Load,image_1500_0_8.png,3001
grayscale,image_1500_0_8.png,2676
keypoints,image_1500_0_8.png,36193
descriptors,image_1500_0_8.png,0
Load,image_1500_0_9.png,3010
grayscale,image_1500_0_9.png,2702
keypoints,image_1500_0_9.png,36016
descriptors,image_1500_0_9.png,0
Load,image_1500_12_0.png,11867
grayscale,image_1500_12_0.png,2654
keypoints,image_1500_12_0.png,75151
descriptors,image_1500_12_0.png,6260
Load,image_1500_12_1.png,11763
grayscale,image_1500_12_1.png,2678
keypoints,image_1500_12_1.png,74631
descriptors,image_1500_12_1.png,6193
Load,image_1500_12_2.png,11684
grayscale,image_1500_12_2.png,2704
keypoints,image_1500_12_2.png,74494
descriptors,image_1500_12_2.png,6195
Load,image_1500_12_3.png,11976
grayscale,image_1500_12_3.png,2654
keypoints,image_1500_12_3.png,74748
descriptors,image_1500_12_3.png,6161
Load,image_1500_12_4.png,11946
grayscale,image_1500_12_4.png,2674
keypoints,image_1500_12_4.png,75410
descriptors,image_1500_12_4.png,6160
Load,image_1500_12_5.png,11946
grayscale,image_1500_12_5.png,2717
keypoints,image_1500_12_5.png,74874
descriptors,image_1500_12_5.png,6115
Load,image_1500_12_6.png,11820
grayscale,image_1500_12_6.png,2628
keypoints,image_1500_12_6.png,74593
descriptors,image_1500_12_6.png,6095
Load,image_1500_12_7.png,11776
grayscale,image_1500_12_7.png,2687
keypoints,image_1500_12_7.png,74639
descriptors,image_1500_12_7.png,6160
Load,image_1500_12_8.png,11720
grayscale,image_1500_12_8.png,2634
keypoints,image_1500_12_8.png,74574
descriptors,image_1500_12_8.png,6129
Load,image_1500_12_9.png,11787
grayscale,image_1500_12_9.png,2670
keypoints,image_1500_12_9.png,74859
descriptors,image_1500_12_9.png,6184
Load,image_1500_15_0.png,12806
grayscale,image_1500_15_0.png,2659
keypoints,image_1500_15_0.png,84958
descriptors,image_1500_15_0.png,7625
Load,image_1500_15_1.png,12805
grayscale,image_1500_15_1.png,2666
keypoints,image_1500_15_1.png,84923
descriptors,image_1500_15_1.png,7638
Load,image_1500_15_2.png,13326
grayscale,image_1500_15_2.png,2782
keypoints,image_1500_15_2.png,88590
descriptors,image_1500_15_2.png,8171
Load,image_1500_15_3.png,12866
grayscale,image_1500_15_3.png,2664
keypoints,image_1500_15_3.png,85416
descriptors,image_1500_15_3.png,7638
Load,image_1500_15_4.png,12948
grayscale,image_1500_15_4.png,2701
keypoints,image_1500_15_4.png,86696
descriptors,image_1500_15_4.png,7859
Load,image_1500_15_5.png,13443
grayscale,image_1500_15_5.png,2721
keypoints,image_1500_15_5.png,87601
descriptors,image_1500_15_5.png,8101
Load,image_1500_15_6.png,12823
grayscale,image_1500_15_6.png,2670
keypoints,image_1500_15_6.png,86087
descriptors,image_1500_15_6.png,7702
Load,image_1500_15_7.png,12755
grayscale,image_1500_15_7.png,2710
keypoints,image_1500_15_7.png,85157
descriptors,image_1500_15_7.png,7657
Load,image_1500_15_8.png,12792
grayscale,image_1500_15_8.png,2708
keypoints,image_1500_15_8.png,87674
descriptors,image_1500_15_8.png,7838
Load,image_1500_15_9.png,12904
grayscale,image_1500_15_9.png,2701
keypoints,image_1500_15_9.png,86153
descriptors,image_1500_15_9.png,7715
Load,image_1500_18_0.png,13842
grayscale,image_1500_18_0.png,2649
keypoints,image_1500_18_0.png,97425
descriptors,image_1500_18_0.png,9137
Load,image_1500_18_1.png,13720
grayscale,image_1500_18_1.png,2713
keypoints,image_1500_18_1.png,96912
descriptors,image_1500_18_1.png,9253
Load,image_1500_18_2.png,13720
grayscale,image_1500_18_2.png,2644
keypoints,image_1500_18_2.png,95862
descriptors,image_1500_18_2.png,9162
Load,image_1500_18_3.png,13730
grayscale,image_1500_18_3.png,2768
keypoints,image_1500_18_3.png,97116
descriptors,image_1500_18_3.png,9291
Load,image_1500_18_4.png,13719
grayscale,image_1500_18_4.png,2670
keypoints,image_1500_18_4.png,95567
descriptors,image_1500_18_4.png,9137
Load,image_1500_18_5.png,13574
grayscale,image_1500_18_5.png,2652
keypoints,image_1500_18_5.png,95759
descriptors,image_1500_18_5.png,9071
Load,image_1500_18_6.png,13677
grayscale,image_1500_18_6.png,2717
keypoints,image_1500_18_6.png,97648
descriptors,image_1500_18_6.png,9245
Load,image_1500_18_7.png,13741
grayscale,image_1500_18_7.png,2703
keypoints,image_1500_18_7.png,95754
descriptors,image_1500_18_7.png,9121
Load,image_1500_18_8.png,13596
grayscale,image_1500_18_8.png,2724
keypoints,image_1500_18_8.png,95587
descriptors,image_1500_18_8.png,9127
Load,image_1500_18_9.png,13703
grayscale,image_1500_18_9.png,2666
keypoints,image_1500_18_9.png,95581
descriptors,image_1500_18_9.png,9109
Load,image_1500_3_0.png,7827
grayscale,image_1500_3_0.png,2663
keypoints,image_1500_3_0.png,44122
descriptors,image_1500_3_0.png,1580
Load,image_1500_3_1.png,7857
grayscale,image_1500_3_1.png,2661
keypoints,image_1500_3_1.png,44152
descriptors,image_1500_3_1.png,1579
Load,image_1500_3_2.png,7742
grayscale,image_1500_3_2.png,2660
keypoints,image_1500_3_2.png,44154
descriptors,image_1500_3_2.png,1574
Load,image_1500_3_3.png,7927
grayscale,image_1500_3_3.png,2683
keypoints,image_1500_3_3.png,44323
descriptors,image_1500_3_3.png,1586
Load,image_1500_3_4.png,7739
grayscale,image_1500_3_4.png,2655
keypoints,image_1500_3_4.png,44181
descriptors,image_1500_3_4.png,1573
Load,image_1500_3_5.png,7845
grayscale,image_1500_3_5.png,2740
keypoints,image_1500_3_5.png,44281
descriptors,image_1500_3_5.png,1582
Load,image_1500_3_6.png,7695
grayscale,image_1500_3_6.png,2681
keypoints,image_1500_3_6.png,44125
descriptors,image_1500_3_6.png,1577
Load,image_1500_3_7.png,7878
grayscale,image_1500_3_7.png,2667
keypoints,image_1500_3_7.png,44328
descriptors,image_1500_3_7.png,1585
Load,image_1500_3_8.png,7809
grayscale,image_1500_3_8.png,2676
keypoints,image_1500_3_8.png,44210
descriptors,image_1500_3_8.png,1573
Load,image_1500_3_9.png,7715
grayscale,image_1500_3_9.png,2666
keypoints,image_1500_3_9.png,43998
descriptors,image_1500_3_9.png,1569
Load,image_1500_6_0.png,9387
grayscale,image_1500_6_0.png,2641
keypoints,image_1500_6_0.png,54361
descriptors,image_1500_6_0.png,3163
Load,image_1500_6_1.png,9415
grayscale,image_1500_6_1.png,2663
keypoints,image_1500_6_1.png,54239
descriptors,image_1500_6_1.png,3105
Load,image_1500_6_2.png,9391
grayscale,image_1500_6_2.png,2660
keypoints,image_1500_6_2.png,54226
descriptors,image_1500_6_2.png,3113
Load,image_1500_6_3.png,9477
grayscale,image_1500_6_3.png,2641
keypoints,image_1500_6_3.png,54228
descriptors,image_1500_6_3.png,3133
Load,image_1500_6_4.png,9338
grayscale,image_1500_6_4.png,2647
keypoints,image_1500_6_4.png,54280
descriptors,image_1500_6_4.png,3134
Load,image_1500_6_5.png,9281
grayscale,image_1500_6_5.png,2649
keypoints,image_1500_6_5.png,54208
descriptors,image_1500_6_5.png,3110
Load,image_1500_6_6.png,9331
grayscale,image_1500_6_6.png,2660
keypoints,image_1500_6_6.png,54444
descriptors,image_1500_6_6.png,3128
Load,image_1500_6_7.png,9266
grayscale,image_1500_6_7.png,2698
keypoints,image_1500_6_7.png,54333
descriptors,image_1500_6_7.png,3121
Load,image_1500_6_8.png,9366
grayscale,image_1500_6_8.png,2669
keypoints,image_1500_6_8.png,54220
descriptors,image_1500_6_8.png,3119
Load,image_1500_6_9.png,9375
grayscale,image_1500_6_9.png,2664
keypoints,image_1500_6_9.png,54390
descriptors,image_1500_6_9.png,3251
Load,image_1500_9_0.png,10539
grayscale,image_1500_9_0.png,2666
keypoints,image_1500_9_0.png,64387
descriptors,image_1500_9_0.png,4708
Load,image_1500_9_1.png,10635
grayscale,image_1500_9_1.png,2653
keypoints,image_1500_9_1.png,64481
descriptors,image_1500_9_1.png,4636
Load,image_1500_9_2.png,10777
grayscale,image_1500_9_2.png,2672
keypoints,image_1500_9_2.png,64498
descriptors,image_1500_9_2.png,4629
Load,image_1500_9_3.png,10868
grayscale,image_1500_9_3.png,2699
keypoints,image_1500_9_3.png,66197
descriptors,image_1500_9_3.png,4801
Load,image_1500_9_4.png,10598
grayscale,image_1500_9_4.png,2660
keypoints,image_1500_9_4.png,64484
descriptors,image_1500_9_4.png,4618
Load,image_1500_9_5.png,10603
grayscale,image_1500_9_5.png,2645
keypoints,image_1500_9_5.png,64392
descriptors,image_1500_9_5.png,4648
Load,image_1500_9_6.png,10671
grayscale,image_1500_9_6.png,2647
keypoints,image_1500_9_6.png,65173
descriptors,image_1500_9_6.png,4653
Load,image_1500_9_7.png,10543
grayscale,image_1500_9_7.png,2642
keypoints,image_1500_9_7.png,64571
descriptors,image_1500_9_7.png,4621
Load,image_1500_9_8.png,10560
grayscale,image_1500_9_8.png,2653
keypoints,image_1500_9_8.png,64460
descriptors,image_1500_9_8.png,4626
Load,image_1500_9_9.png,10545
grayscale,image_1500_9_9.png,2677
keypoints,image_1500_9_9.png,64340
descriptors,image_1500_9_9.png,4655
Load,image_2000_0_0.png,5204
grayscale,image_2000_0_0.png,4725
keypoints,image_2000_0_0.png,64544
descriptors,image_2000_0_0.png,0
Load,image_2000_0_1.png,5248
grayscale,image_2000_0_1.png,4729
keypoints,image_2000_0_1.png,64800
descriptors,image_2000_0_1.png,0
Load,image_2000_0_2.png,5123
grayscale,image_2000_0_2.png,4686
keypoints,image_2000_0_2.png,64485
descriptors,image_2000_0_2.png,0
Load,image_2000_0_3.png,5177
grayscale,image_2000_0_3.png,4675
keypoints,image_2000_0_3.png,64419
descriptors,image_2000_0_3.png,0
Load,image_2000_0_4.png,5196
grayscale,image_2000_0_4.png,4684
keypoints,image_2000_0_4.png,64375
descriptors,image_2000_0_4.png,0
Load,image_2000_0_5.png,5155
grayscale,image_2000_0_5.png,4717
keypoints,image_2000_0_5.png,65503
descriptors,image_2000_0_5.png,0
Load,image_2000_0_6.png,5418
grayscale,image_2000_0_6.png,4732
keypoints,image_2000_0_6.png,64756
descriptors,image_2000_0_6.png,0
Load,image_2000_0_7.png,6801
grayscale,image_2000_0_7.png,5115
keypoints,image_2000_0_7.png,66666
descriptors,image_2000_0_7.png,1
Load,image_2000_0_8.png,6394
grayscale,image_2000_0_8.png,4843
keypoints,image_2000_0_8.png,67787
descriptors,image_2000_0_8.png,1
Load,image_2000_0_9.png,5349
grayscale,image_2000_0_9.png,4765
keypoints,image_2000_0_9.png,67965
descriptors,image_2000_0_9.png,0
Load,image_2000_12_0.png,20885
grayscale,image_2000_12_0.png,4727
keypoints,image_2000_12_0.png,133737
descriptors,image_2000_12_0.png,11110
Load,image_2000_12_1.png,20843
grayscale,image_2000_12_1.png,4736
keypoints,image_2000_12_1.png,132872
descriptors,image_2000_12_1.png,11038
Load,image_2000_12_2.png,20696
grayscale,image_2000_12_2.png,4735
keypoints,image_2000_12_2.png,132927
descriptors,image_2000_12_2.png,11023
Load,image_2000_12_3.png,20923
grayscale,image_2000_12_3.png,4897
keypoints,image_2000_12_3.png,134310
descriptors,image_2000_12_3.png,11117
Load,image_2000_12_4.png,20645
grayscale,image_2000_12_4.png,4690
keypoints,image_2000_12_4.png,132945
descriptors,image_2000_12_4.png,11008
Load,image_2000_12_5.png,20775
grayscale,image_2000_12_5.png,4688
keypoints,image_2000_12_5.png,132717
descriptors,image_2000_12_5.png,11038
Load,image_2000_12_6.png,20791
grayscale,image_2000_12_6.png,4753
keypoints,image_2000_12_6.png,132878
descriptors,image_2000_12_6.png,11034
Load,image_2000_12_7.png,20719
grayscale,image_2000_12_7.png,4729
keypoints,image_2000_12_7.png,133108
descriptors,image_2000_12_7.png,11004
Load,image_2000_12_8.png,20788
grayscale,image_2000_12_8.png,4714
keypoints,image_2000_12_8.png,132921
descriptors,image_2000_12_8.png,11014
Load,image_2000_12_9.png,20756
grayscale,image_2000_12_9.png,4695
keypoints,image_2000_12_9.png,133032
descriptors,image_2000_12_9.png,11004
Load,image_2000_15_0.png,22312
grayscale,image_2000_15_0.png,4711
keypoints,image_2000_15_0.png,151376
descriptors,image_2000_15_0.png,13658
Load,image_2000_15_1.png,22321
grayscale,image_2000_15_1.png,4715
keypoints,image_2000_15_1.png,151372
descriptors,image_2000_15_1.png,13661
Load,image_2000_15_2.png,22376
grayscale,image_2000_15_2.png,4718
keypoints,image_2000_15_2.png,151452
descriptors,image_2000_15_2.png,13627
Load,image_2000_15_3.png,22395
grayscale,image_2000_15_3.png,4703
keypoints,image_2000_15_3.png,151869
descriptors,image_2000_15_3.png,13617
Load,image_2000_15_4.png,22346
grayscale,image_2000_15_4.png,4746
keypoints,image_2000_15_4.png,151433
descriptors,image_2000_15_4.png,13584
Load,image_2000_15_5.png,22245
grayscale,image_2000_15_5.png,4695
keypoints,image_2000_15_5.png,151906
descriptors,image_2000_15_5.png,13823
Load,image_2000_15_6.png,22287
grayscale,image_2000_15_6.png,4714
keypoints,image_2000_15_6.png,151610
descriptors,image_2000_15_6.png,13649
Load,image_2000_15_7.png,22747
grayscale,image_2000_15_7.png,4924
keypoints,image_2000_15_7.png,151474
descriptors,image_2000_15_7.png,13637
Load,image_2000_15_8.png,22295
grayscale,image_2000_15_8.png,4711
keypoints,image_2000_15_8.png,151627
descriptors,image_2000_15_8.png,13648
Load,image_2000_15_9.png,22389
grayscale,image_2000_15_9.png,4732
keypoints,image_2000_15_9.png,151609
descriptors,image_2000_15_9.png,13654
Load,image_2000_18_0.png,24115
grayscale,image_2000_18_0.png,4687
keypoints,image_2000_18_0.png,169974
descriptors,image_2000_18_0.png,16195
Load,image_2000_18_1.png,23806
grayscale,image_2000_18_1.png,4711
keypoints,image_2000_18_1.png,170172
descriptors,image_2000_18_1.png,16196
Load,image_2000_18_2.png,23795
grayscale,image_2000_18_2.png,4704
keypoints,image_2000_18_2.png,170177
descriptors,image_2000_18_2.png,16181
Load,image_2000_18_3.png,23840
grayscale,image_2000_18_3.png,4736
keypoints,image_2000_18_3.png,170423
descriptors,image_2000_18_3.png,16165
Load,image_2000_18_4.png,23856
grayscale,image_2000_18_4.png,4763
keypoints,image_2000_18_4.png,170568
descriptors,image_2000_18_4.png,16149
Load,image_2000_18_5.png,23849
grayscale,image_2000_18_5.png,4708
keypoints,image_2000_18_5.png,170255
descriptors,image_2000_18_5.png,16136
Load,image_2000_18_6.png,23740
grayscale,image_2000_18_6.png,4695
keypoints,image_2000_18_6.png,170204
descriptors,image_2000_18_6.png,16178
Load,image_2000_18_7.png,23838
grayscale,image_2000_18_7.png,4757
keypoints,image_2000_18_7.png,169923
descriptors,image_2000_18_7.png,16380
Load,image_2000_18_8.png,23738
grayscale,image_2000_18_8.png,4750
keypoints,image_2000_18_8.png,170413
descriptors,image_2000_18_8.png,16157
Load,image_2000_18_9.png,23788
grayscale,image_2000_18_9.png,4704
keypoints,image_2000_18_9.png,170181
descriptors,image_2000_18_9.png,16148
Load,image_2000_3_0.png,13588
grayscale,image_2000_3_0.png,4727
keypoints,image_2000_3_0.png,78419
descriptors,image_2000_3_0.png,2806
Load,image_2000_3_1.png,13607
grayscale,image_2000_3_1.png,4700
keypoints,image_2000_3_1.png,78675
descriptors,image_2000_3_1.png,2805
Load,image_2000_3_2.png,13705
grayscale,image_2000_3_2.png,4841
keypoints,image_2000_3_2.png,78867
descriptors,image_2000_3_2.png,2818
Load,image_2000_3_3.png,14267
grayscale,image_2000_3_3.png,4960
keypoints,image_2000_3_3.png,83808
descriptors,image_2000_3_3.png,2989
Load,image_2000_3_4.png,14330
grayscale,image_2000_3_4.png,4896
keypoints,image_2000_3_4.png,80100
descriptors,image_2000_3_4.png,2916
Load,image_2000_3_5.png,13612
grayscale,image_2000_3_5.png,4734
keypoints,image_2000_3_5.png,78670
descriptors,image_2000_3_5.png,2884
Load,image_2000_3_6.png,13722
grayscale,image_2000_3_6.png,4749
keypoints,image_2000_3_6.png,78898
descriptors,image_2000_3_6.png,2812
Load,image_2000_3_7.png,13518
grayscale,image_2000_3_7.png,4719
keypoints,image_2000_3_7.png,78657
descriptors,image_2000_3_7.png,2809
Load,image_2000_3_8.png,13650
grayscale,image_2000_3_8.png,4768
keypoints,image_2000_3_8.png,78723
descriptors,image_2000_3_8.png,2813
Load,image_2000_3_9.png,13868
grayscale,image_2000_3_9.png,4751
keypoints,image_2000_3_9.png,78816
descriptors,image_2000_3_9.png,2849
Load,image_2000_6_0.png,16380
grayscale,image_2000_6_0.png,4762
keypoints,image_2000_6_0.png,96855
descriptors,image_2000_6_0.png,5538
Load,image_2000_6_1.png,16299
grayscale,image_2000_6_1.png,4695
keypoints,image_2000_6_1.png,96804
descriptors,image_2000_6_1.png,5570
Load,image_2000_6_2.png,16239
grayscale,image_2000_6_2.png,4709
keypoints,image_2000_6_2.png,96767
descriptors,image_2000_6_2.png,5562
Load,image_2000_6_3.png,16309
grayscale,image_2000_6_3.png,4695
keypoints,image_2000_6_3.png,96905
descriptors,image_2000_6_3.png,5556
Load,image_2000_6_4.png,16299
grayscale,image_2000_6_4.png,4755
keypoints,image_2000_6_4.png,96705
descriptors,image_2000_6_4.png,5552
Load,image_2000_6_5.png,16333
grayscale,image_2000_6_5.png,4691
keypoints,image_2000_6_5.png,96510
descriptors,image_2000_6_5.png,5551
Load,image_2000_6_6.png,16278
grayscale,image_2000_6_6.png,4708
keypoints,image_2000_6_6.png,96852
descriptors,image_2000_6_6.png,5538
Load,image_2000_6_7.png,16313
grayscale,image_2000_6_7.png,4732
keypoints,image_2000_6_7.png,96950
descriptors,image_2000_6_7.png,5564
Load,image_2000_6_8.png,16218
grayscale,image_2000_6_8.png,4651
keypoints,image_2000_6_8.png,96977
descriptors,image_2000_6_8.png,5602
Load,image_2000_6_9.png,16231
grayscale,image_2000_6_9.png,4715
keypoints,image_2000_6_9.png,96904
descriptors,image_2000_6_9.png,5580
Load,image_2000_9_0.png,18639
grayscale,image_2000_9_0.png,4689
keypoints,image_2000_9_0.png,114537
descriptors,image_2000_9_0.png,8361
Load,image_2000_9_1.png,18693
grayscale,image_2000_9_1.png,4751
keypoints,image_2000_9_1.png,114640
descriptors,image_2000_9_1.png,8350
Load,image_2000_9_2.png,18583
grayscale,image_2000_9_2.png,4708
keypoints,image_2000_9_2.png,114686
descriptors,image_2000_9_2.png,8373
Load,image_2000_9_3.png,18533
grayscale,image_2000_9_3.png,4674
keypoints,image_2000_9_3.png,114954
descriptors,image_2000_9_3.png,8371
Load,image_2000_9_4.png,18511
grayscale,image_2000_9_4.png,4713
keypoints,image_2000_9_4.png,114500
descriptors,image_2000_9_4.png,8327
Load,image_2000_9_5.png,18587
grayscale,image_2000_9_5.png,4721
keypoints,image_2000_9_5.png,114696
descriptors,image_2000_9_5.png,8425
Load,image_2000_9_6.png,18548
grayscale,image_2000_9_6.png,4682
keypoints,image_2000_9_6.png,114815
descriptors,image_2000_9_6.png,8343
Load,image_2000_9_7.png,18549
grayscale,image_2000_9_7.png,4705
keypoints,image_2000_9_7.png,114565
descriptors,image_2000_9_7.png,8329
Load,image_2000_9_8.png,18653
grayscale,image_2000_9_8.png,4670
keypoints,image_2000_9_8.png,114705
descriptors,image_2000_9_8.png,8360
Load,image_2000_9_9.png,18627
grayscale,image_2000_9_9.png,4670
keypoints,image_2000_9_9.png,114714
descriptors,image_2000_9_9.png,8349
Load,image_2500_0_0.png,7773
grayscale,image_2500_0_0.png,7345
keypoints,image_2500_0_0.png,101382
descriptors,image_2500_0_0.png,0
Load,image_2500_0_1.png,7832
grayscale,image_2500_0_1.png,7318
keypoints,image_2500_0_1.png,101238
descriptors,image_2500_0_1.png,0
Load,image_2500_0_2.png,7846
grayscale,image_2500_0_2.png,7356
keypoints,image_2500_0_2.png,100973
descriptors,image_2500_0_2.png,0
Load,image_2500_0_3.png,7720
grayscale,image_2500_0_3.png,7321
keypoints,image_2500_0_3.png,101470
descriptors,image_2500_0_3.png,0
Load,image_2500_0_4.png,7837
grayscale,image_2500_0_4.png,7355
keypoints,image_2500_0_4.png,101303
descriptors,image_2500_0_4.png,0
Load,image_2500_0_5.png,7697
grayscale,image_2500_0_5.png,7369
keypoints,image_2500_0_5.png,101777
descriptors,image_2500_0_5.png,0
Load,image_2500_0_6.png,7653
grayscale,image_2500_0_6.png,7330
keypoints,image_2500_0_6.png,101103
descriptors,image_2500_0_6.png,0
Load,image_2500_0_7.png,7746
grayscale,image_2500_0_7.png,7374
keypoints,image_2500_0_7.png,101494
descriptors,image_2500_0_7.png,0
Load,image_2500_0_8.png,7734
grayscale,image_2500_0_8.png,7298
keypoints,image_2500_0_8.png,101351
descriptors,image_2500_0_8.png,0
Load,image_2500_0_9.png,7960
grayscale,image_2500_0_9.png,7354
keypoints,image_2500_0_9.png,100757
descriptors,image_2500_0_9.png,0
Load,image_2500_12_0.png,31849
grayscale,image_2500_12_0.png,7337
keypoints,image_2500_12_0.png,207885
descriptors,image_2500_12_0.png,17267
Load,image_2500_12_1.png,32101
grayscale,image_2500_12_1.png,7327
keypoints,image_2500_12_1.png,208151
descriptors,image_2500_12_1.png,17459
Load,image_2500_12_2.png,31720
grayscale,image_2500_12_2.png,7400
keypoints,image_2500_12_2.png,207900
descriptors,image_2500_12_2.png,17294
Load,image_2500_12_3.png,31815
grayscale,image_2500_12_3.png,7381
keypoints,image_2500_12_3.png,207991
descriptors,image_2500_12_3.png,17298
Load,image_2500_12_4.png,31902
grayscale,image_2500_12_4.png,7383
keypoints,image_2500_12_4.png,208490
descriptors,image_2500_12_4.png,17245
Load,image_2500_12_5.png,31821
grayscale,image_2500_12_5.png,7355
keypoints,image_2500_12_5.png,208244
descriptors,image_2500_12_5.png,17232
Load,image_2500_12_6.png,31819
grayscale,image_2500_12_6.png,7375
keypoints,image_2500_12_6.png,208045
descriptors,image_2500_12_6.png,17390
Load,image_2500_12_7.png,31815
grayscale,image_2500_12_7.png,7392
keypoints,image_2500_12_7.png,208257
descriptors,image_2500_12_7.png,17249
Load,image_2500_12_8.png,32013
grayscale,image_2500_12_8.png,7393
keypoints,image_2500_12_8.png,207835
descriptors,image_2500_12_8.png,17219
Load,image_2500_12_9.png,31741
grayscale,image_2500_12_9.png,7343
keypoints,image_2500_12_9.png,208265
descriptors,image_2500_12_9.png,17256
Load,image_2500_15_0.png,34391
grayscale,image_2500_15_0.png,7397
keypoints,image_2500_15_0.png,237342
descriptors,image_2500_15_0.png,21502
Load,image_2500_15_1.png,34312
grayscale,image_2500_15_1.png,7363
keypoints,image_2500_15_1.png,237350
descriptors,image_2500_15_1.png,21484
Load,image_2500_15_2.png,34332
grayscale,image_2500_15_2.png,7464
keypoints,image_2500_15_2.png,238167
descriptors,image_2500_15_2.png,21366
Load,image_2500_15_3.png,34337
grayscale,image_2500_15_3.png,7357
keypoints,image_2500_15_3.png,237745
descriptors,image_2500_15_3.png,21347
Load,image_2500_15_4.png,35953
grayscale,image_2500_15_4.png,7892
keypoints,image_2500_15_4.png,247947
descriptors,image_2500_15_4.png,22310
Load,image_2500_15_5.png,36280
grayscale,image_2500_15_5.png,7753
keypoints,image_2500_15_5.png,247369
descriptors,image_2500_15_5.png,22444
Load,image_2500_15_6.png,34763
grayscale,image_2500_15_6.png,7528
keypoints,image_2500_15_6.png,238880
descriptors,image_2500_15_6.png,21780
Load,image_2500_15_7.png,34462
grayscale,image_2500_15_7.png,7399
keypoints,image_2500_15_7.png,237372
descriptors,image_2500_15_7.png,21369
Load,image_2500_15_8.png,34259
grayscale,image_2500_15_8.png,7455
keypoints,image_2500_15_8.png,236930
descriptors,image_2500_15_8.png,21499
Load,image_2500_15_9.png,34445
grayscale,image_2500_15_9.png,7517
keypoints,image_2500_15_9.png,237068
descriptors,image_2500_15_9.png,21324
Load,image_2500_18_0.png,37217
grayscale,image_2500_18_0.png,7367
keypoints,image_2500_18_0.png,265952
descriptors,image_2500_18_0.png,25323
Load,image_2500_18_1.png,37182
grayscale,image_2500_18_1.png,7389
keypoints,image_2500_18_1.png,266391
descriptors,image_2500_18_1.png,25342
Load,image_2500_18_2.png,37572
grayscale,image_2500_18_2.png,7588
keypoints,image_2500_18_2.png,266158
descriptors,image_2500_18_2.png,25269
Load,image_2500_18_3.png,37091
grayscale,image_2500_18_3.png,7378
keypoints,image_2500_18_3.png,266005
descriptors,image_2500_18_3.png,25336
Load,image_2500_18_4.png,38768
grayscale,image_2500_18_4.png,7803
keypoints,image_2500_18_4.png,274683
descriptors,image_2500_18_4.png,26273
Load,image_2500_18_5.png,37941
grayscale,image_2500_18_5.png,7552
keypoints,image_2500_18_5.png,272147
descriptors,image_2500_18_5.png,25836
Load,image_2500_18_6.png,38267
grayscale,image_2500_18_6.png,7729
keypoints,image_2500_18_6.png,273283
descriptors,image_2500_18_6.png,26336
Load,image_2500_18_7.png,37255
grayscale,image_2500_18_7.png,7499
keypoints,image_2500_18_7.png,271584
descriptors,image_2500_18_7.png,25800
Load,image_2500_18_8.png,37044
grayscale,image_2500_18_8.png,7456
keypoints,image_2500_18_8.png,271722
descriptors,image_2500_18_8.png,25787
Load,image_2500_18_9.png,37157
grayscale,image_2500_18_9.png,7493
keypoints,image_2500_18_9.png,272187
descriptors,image_2500_18_9.png,25846
Load,image_2500_3_0.png,21011
grayscale,image_2500_3_0.png,7484
keypoints,image_2500_3_0.png,125496
descriptors,image_2500_3_0.png,4508
Load,image_2500_3_1.png,20964
grayscale,image_2500_3_1.png,7723
keypoints,image_2500_3_1.png,125757
descriptors,image_2500_3_1.png,4542
Load,image_2500_3_2.png,21070
grayscale,image_2500_3_2.png,7457
keypoints,image_2500_3_2.png,124480
descriptors,image_2500_3_2.png,4524
Load,image_2500_3_3.png,21068
grayscale,image_2500_3_3.png,7453
keypoints,image_2500_3_3.png,123134
descriptors,image_2500_3_3.png,4425
Load,image_2500_3_4.png,20801
grayscale,image_2500_3_4.png,7350
keypoints,image_2500_3_4.png,122803
descriptors,image_2500_3_4.png,4415
Load,image_2500_3_5.png,21026
grayscale,image_2500_3_5.png,7403
keypoints,image_2500_3_5.png,123192
descriptors,image_2500_3_5.png,4413
Load,image_2500_3_6.png,20956
grayscale,image_2500_3_6.png,7404
keypoints,image_2500_3_6.png,123000
descriptors,image_2500_3_6.png,4430
Load,image_2500_3_7.png,20921
grayscale,image_2500_3_7.png,7351
keypoints,image_2500_3_7.png,123177
descriptors,image_2500_3_7.png,4547
Load,image_2500_3_8.png,21015
grayscale,image_2500_3_8.png,7381
keypoints,image_2500_3_8.png,122872
descriptors,image_2500_3_8.png,4419
Load,image_2500_3_9.png,21047
grayscale,image_2500_3_9.png,7374
keypoints,image_2500_3_9.png,123215
descriptors,image_2500_3_9.png,4413
Load,image_2500_6_0.png,25290
grayscale,image_2500_6_0.png,7422
keypoints,image_2500_6_0.png,151205
descriptors,image_2500_6_0.png,8814
Load,image_2500_6_1.png,25282
grayscale,image_2500_6_1.png,7401
keypoints,image_2500_6_1.png,151059
descriptors,image_2500_6_1.png,8811
Load,image_2500_6_2.png,25302
grayscale,image_2500_6_2.png,7338
keypoints,image_2500_6_2.png,151428
descriptors,image_2500_6_2.png,8851
Load,image_2500_6_3.png,25369
grayscale,image_2500_6_3.png,7378
keypoints,image_2500_6_3.png,151083
descriptors,image_2500_6_3.png,8847
Load,image_2500_6_4.png,25437
grayscale,image_2500_6_4.png,7417
keypoints,image_2500_6_4.png,151142
descriptors,image_2500_6_4.png,8871
Load,image_2500_6_5.png,25244
grayscale,image_2500_6_5.png,7449
keypoints,image_2500_6_5.png,151320
descriptors,image_2500_6_5.png,8808
Load,image_2500_6_6.png,25318
grayscale,image_2500_6_6.png,7366
keypoints,image_2500_6_6.png,151358
descriptors,image_2500_6_6.png,8813
Load,image_2500_6_7.png,25232
grayscale,image_2500_6_7.png,7332
keypoints,image_2500_6_7.png,152333
descriptors,image_2500_6_7.png,8838
Load,image_2500_6_8.png,25297
grayscale,image_2500_6_8.png,7367
keypoints,image_2500_6_8.png,151835
descriptors,image_2500_6_8.png,8827
Load,image_2500_6_9.png,25426
grayscale,image_2500_6_9.png,7362
keypoints,image_2500_6_9.png,151277
descriptors,image_2500_6_9.png,8806
Load,image_2500_9_0.png,28722
grayscale,image_2500_9_0.png,7397
keypoints,image_2500_9_0.png,180113
descriptors,image_2500_9_0.png,13143
Load,image_2500_9_1.png,28896
grayscale,image_2500_9_1.png,7353
keypoints,image_2500_9_1.png,179310
descriptors,image_2500_9_1.png,13040
Load,image_2500_9_2.png,28851
grayscale,image_2500_9_2.png,7339
keypoints,image_2500_9_2.png,179547
descriptors,image_2500_9_2.png,13328
Load,image_2500_9_3.png,28849
grayscale,image_2500_9_3.png,7354
keypoints,image_2500_9_3.png,179452
descriptors,image_2500_9_3.png,13076
Load,image_2500_9_4.png,28732
grayscale,image_2500_9_4.png,7355
keypoints,image_2500_9_4.png,179276
descriptors,image_2500_9_4.png,13173
Load,image_2500_9_5.png,28812
grayscale,image_2500_9_5.png,7349
keypoints,image_2500_9_5.png,179229
descriptors,image_2500_9_5.png,13090
Load,image_2500_9_6.png,28771
grayscale,image_2500_9_6.png,7370
keypoints,image_2500_9_6.png,179133
descriptors,image_2500_9_6.png,13072
Load,image_2500_9_7.png,28767
grayscale,image_2500_9_7.png,7361
keypoints,image_2500_9_7.png,179518
descriptors,image_2500_9_7.png,13094
Load,image_2500_9_8.png,29021
grayscale,image_2500_9_8.png,7431
keypoints,image_2500_9_8.png,179600
descriptors,image_2500_9_8.png,13104
Load,image_2500_9_9.png,28821
grayscale,image_2500_9_9.png,7332
keypoints,image_2500_9_9.png,179516
descriptors,image_2500_9_9.png,13056
Load,image_500_0_0.png,650
grayscale,image_500_0_0.png,299
keypoints,image_500_0_0.png,4034
descriptors,image_500_0_0.png,0
Load,image_500_0_1.png,243
grayscale,image_500_0_1.png,264
keypoints,image_500_0_1.png,4077
descriptors,image_500_0_1.png,0
Load,image_500_0_2.png,235
grayscale,image_500_0_2.png,264
keypoints,image_500_0_2.png,3978
descriptors,image_500_0_2.png,0
Load,image_500_0_3.png,263
grayscale,image_500_0_3.png,268
keypoints,image_500_0_3.png,3970
descriptors,image_500_0_3.png,0
Load,image_500_0_4.png,219
grayscale,image_500_0_4.png,263
keypoints,image_500_0_4.png,3995
descriptors,image_500_0_4.png,0
Load,image_500_0_5.png,283
grayscale,image_500_0_5.png,261
keypoints,image_500_0_5.png,4029
descriptors,image_500_0_5.png,0
Load,image_500_0_6.png,236
grayscale,image_500_0_6.png,258
keypoints,image_500_0_6.png,4086
descriptors,image_500_0_6.png,0
Load,image_500_0_7.png,264
grayscale,image_500_0_7.png,266
keypoints,image_500_0_7.png,3958
descriptors,image_500_0_7.png,0
Load,image_500_0_8.png,218
grayscale,image_500_0_8.png,259
keypoints,image_500_0_8.png,4080
descriptors,image_500_0_8.png,0
Load,image_500_0_9.png,289
grayscale,image_500_0_9.png,280
keypoints,image_500_0_9.png,4032
descriptors,image_500_0_9.png,0
Load,image_500_12_0.png,1499
grayscale,image_500_12_0.png,252
keypoints,image_500_12_0.png,8247
descriptors,image_500_12_0.png,675
Load,image_500_12_1.png,1530
grayscale,image_500_12_1.png,253
keypoints,image_500_12_1.png,8223
descriptors,image_500_12_1.png,664
Load,image_500_12_2.png,1556
grayscale,image_500_12_2.png,254
keypoints,image_500_12_2.png,8207
descriptors,image_500_12_2.png,668
Load,image_500_12_3.png,1577
grayscale,image_500_12_3.png,262
keypoints,image_500_12_3.png,8237
descriptors,image_500_12_3.png,663
Load,image_500_12_4.png,1561
grayscale,image_500_12_4.png,253
keypoints,image_500_12_4.png,8324
descriptors,image_500_12_4.png,673
Load,image_500_12_5.png,1561
grayscale,image_500_12_5.png,248
keypoints,image_500_12_5.png,8189
descriptors,image_500_12_5.png,663
Load,image_500_12_6.png,1505
grayscale,image_500_12_6.png,255
keypoints,image_500_12_6.png,8242
descriptors,image_500_12_6.png,664
Load,image_500_12_7.png,1479
grayscale,image_500_12_7.png,251
keypoints,image_500_12_7.png,8191
descriptors,image_500_12_7.png,661
Load,image_500_12_8.png,1531
grayscale,image_500_12_8.png,256
keypoints,image_500_12_8.png,8225
descriptors,image_500_12_8.png,670
Load,image_500_12_9.png,1593
grayscale,image_500_12_9.png,260
keypoints,image_500_12_9.png,8254
descriptors,image_500_12_9.png,676
Load,image_500_15_0.png,1648
grayscale,image_500_15_0.png,248
keypoints,image_500_15_0.png,9410
descriptors,image_500_15_0.png,819
Load,image_500_15_1.png,1650
grayscale,image_500_15_1.png,258
keypoints,image_500_15_1.png,9401
descriptors,image_500_15_1.png,823
Load,image_500_15_2.png,1638
grayscale,image_500_15_2.png,260
keypoints,image_500_15_2.png,9389
descriptors,image_500_15_2.png,831
Load,image_500_15_3.png,1674
grayscale,image_500_15_3.png,268
keypoints,image_500_15_3.png,9384
descriptors,image_500_15_3.png,827
Load,image_500_15_4.png,1643
grayscale,image_500_15_4.png,249
keypoints,image_500_15_4.png,9359
descriptors,image_500_15_4.png,828
Load,image_500_15_5.png,1609
grayscale,image_500_15_5.png,263
keypoints,image_500_15_5.png,9529
descriptors,image_500_15_5.png,835
Load,image_500_15_6.png,1741
grayscale,image_500_15_6.png,258
keypoints,image_500_15_6.png,9495
descriptors,image_500_15_6.png,841
Load,image_500_15_7.png,1682
grayscale,image_500_15_7.png,251
keypoints,image_500_15_7.png,9363
descriptors,image_500_15_7.png,825
Load,image_500_15_8.png,1605
grayscale,image_500_15_8.png,247
keypoints,image_500_15_8.png,9437
descriptors,image_500_15_8.png,822
Load,image_500_15_9.png,1631
grayscale,image_500_15_9.png,248
keypoints,image_500_15_9.png,9392
descriptors,image_500_15_9.png,823
Load,image_500_18_0.png,1826
grayscale,image_500_18_0.png,249
keypoints,image_500_18_0.png,10549
descriptors,image_500_18_0.png,989
Load,image_500_18_1.png,1714
grayscale,image_500_18_1.png,254
keypoints,image_500_18_1.png,10643
descriptors,image_500_18_1.png,984
Load,image_500_18_2.png,1732
grayscale,image_500_18_2.png,253
keypoints,image_500_18_2.png,10473
descriptors,image_500_18_2.png,983
Load,image_500_18_3.png,1801
grayscale,image_500_18_3.png,252
keypoints,image_500_18_3.png,10504
descriptors,image_500_18_3.png,1020
Load,image_500_18_4.png,1729
grayscale,image_500_18_4.png,254
keypoints,image_500_18_4.png,10557
descriptors,image_500_18_4.png,989
Load,image_500_18_5.png,1731
grayscale,image_500_18_5.png,250
keypoints,image_500_18_5.png,10477
descriptors,image_500_18_5.png,996
Load,image_500_18_6.png,1713
grayscale,image_500_18_6.png,248
keypoints,image_500_18_6.png,10475
descriptors,image_500_18_6.png,972
Load,image_500_18_7.png,1839
grayscale,image_500_18_7.png,256
keypoints,image_500_18_7.png,10559
descriptors,image_500_18_7.png,1054
Load,image_500_18_8.png,1746
grayscale,image_500_18_8.png,257
keypoints,image_500_18_8.png,10485
descriptors,image_500_18_8.png,973
Load,image_500_18_9.png,1772
grayscale,image_500_18_9.png,248
keypoints,image_500_18_9.png,10515
descriptors,image_500_18_9.png,984
Load,image_500_3_0.png,1165
grayscale,image_500_3_0.png,252
keypoints,image_500_3_0.png,4957
descriptors,image_500_3_0.png,173
Load,image_500_3_1.png,1065
grayscale,image_500_3_1.png,257
keypoints,image_500_3_1.png,4879
descriptors,image_500_3_1.png,171
Load,image_500_3_2.png,1069
grayscale,image_500_3_2.png,258
keypoints,image_500_3_2.png,4907
descriptors,image_500_3_2.png,172
Load,image_500_3_3.png,1125
grayscale,image_500_3_3.png,258
keypoints,image_500_3_3.png,4940
descriptors,image_500_3_3.png,171
Load,image_500_3_4.png,1083
grayscale,image_500_3_4.png,257
keypoints,image_500_3_4.png,4886
descriptors,image_500_3_4.png,171
Load,image_500_3_5.png,1096
grayscale,image_500_3_5.png,258
keypoints,image_500_3_5.png,4854
descriptors,image_500_3_5.png,172
Load,image_500_3_6.png,1116
grayscale,image_500_3_6.png,255
keypoints,image_500_3_6.png,4952
descriptors,image_500_3_6.png,173
Load,image_500_3_7.png,1031
grayscale,image_500_3_7.png,253
keypoints,image_500_3_7.png,4930
descriptors,image_500_3_7.png,170
Load,image_500_3_8.png,1113
grayscale,image_500_3_8.png,272
keypoints,image_500_3_8.png,4879
descriptors,image_500_3_8.png,171
Load,image_500_3_9.png,1052
grayscale,image_500_3_9.png,258
keypoints,image_500_3_9.png,4919
descriptors,image_500_3_9.png,173
Load,image_500_6_0.png,1326
grayscale,image_500_6_0.png,257
keypoints,image_500_6_0.png,6002
descriptors,image_500_6_0.png,340
Load,image_500_6_1.png,1276
grayscale,image_500_6_1.png,256
keypoints,image_500_6_1.png,6001
descriptors,image_500_6_1.png,338
Load,image_500_6_2.png,1251
grayscale,image_500_6_2.png,255
keypoints,image_500_6_2.png,6028
descriptors,image_500_6_2.png,339
Load,image_500_6_3.png,1211
grayscale,image_500_6_3.png,254
keypoints,image_500_6_3.png,6008
descriptors,image_500_6_3.png,341
Load,image_500_6_4.png,1257
grayscale,image_500_6_4.png,254
keypoints,image_500_6_4.png,5970
descriptors,image_500_6_4.png,336
Load,image_500_6_5.png,1247
grayscale,image_500_6_5.png,250
keypoints,image_500_6_5.png,5990
descriptors,image_500_6_5.png,337
Load,image_500_6_6.png,1297
grayscale,image_500_6_6.png,254
keypoints,image_500_6_6.png,5996
descriptors,image_500_6_6.png,341
Load,image_500_6_7.png,1282
grayscale,image_500_6_7.png,256
keypoints,image_500_6_7.png,6021
descriptors,image_500_6_7.png,338
Load,image_500_6_8.png,1322
grayscale,image_500_6_8.png,250
keypoints,image_500_6_8.png,6029
descriptors,image_500_6_8.png,340
Load,image_500_6_9.png,1240
grayscale,image_500_6_9.png,250
keypoints,image_500_6_9.png,6006
descriptors,image_500_6_9.png,337
Load,image_500_9_0.png,1404
grayscale,image_500_9_0.png,250
keypoints,image_500_9_0.png,7069
descriptors,image_500_9_0.png,502
Load,image_500_9_1.png,1425
grayscale,image_500_9_1.png,256
keypoints,image_500_9_1.png,7161
descriptors,image_500_9_1.png,513
Load,image_500_9_2.png,1421
grayscale,image_500_9_2.png,249
keypoints,image_500_9_2.png,7091
descriptors,image_500_9_2.png,502
Load,image_500_9_3.png,1393
grayscale,image_500_9_3.png,248
keypoints,image_500_9_3.png,7092
descriptors,image_500_9_3.png,502
Load,image_500_9_4.png,1340
grayscale,image_500_9_4.png,248
keypoints,image_500_9_4.png,7138
descriptors,image_500_9_4.png,505
Load,image_500_9_5.png,1384
grayscale,image_500_9_5.png,248
keypoints,image_500_9_5.png,7124
descriptors,image_500_9_5.png,505
Load,image_500_9_6.png,1341
grayscale,image_500_9_6.png,249
keypoints,image_500_9_6.png,7112
descriptors,image_500_9_6.png,504
Load,image_500_9_7.png,1359
grayscale,image_500_9_7.png,248
keypoints,image_500_9_7.png,7130
descriptors,image_500_9_7.png,507
Load,image_500_9_8.png,1393
grayscale,image_500_9_8.png,248
keypoints,image_500_9_8.png,7096
descriptors,image_500_9_8.png,505
Load,image_500_9_9.png,1431
grayscale,image_500_9_9.png,253
keypoints,image_500_9_9.png,7124
descriptors,image_500_9_9.png,505
